Website,Emails,Facebook,LinkedIn,Instagram,Twitter,YouTube,TikTok
https://www.exigent.net/contact/office-locations/nyc-it-services/,,https://www.facebook.com/ExigentTechnologies,https://www.linkedin.com/company/exigent-technologies/,,,https://www.youtube.com/c/ExigentNet,
https://www.protechitsolutions.com/new-york-city-it-support-and-managed-it-services/?utm_source=gbp&utm_medium=gbp&utm_campaign=gbp_organic,info@protechitsolutions.com,,,,,,
https://www.otssolutions.com/,info@otssolutions.com,https://www.facebook.com/OTSSolutions/,https://www.linkedin.com/company/ots-solutions,https://www.instagram.com/otssolutions/,,,
https://netsurit.com/en-us/managed-it-services-new-york-city/,,https://www.facebook.com/Netsurit-Pty-Ltd-352181031086/,https://www.linkedin.com/company/netsurit,,https://twitter.com/netsurit,https://www.youtube.com/channel/UCJ9m8aozkbtALdVriOsePPg,
https://www.itamerica.com/,"2062d0a4929b45348643784b5cb39c36@sentry.wixpress.com, 605a7baede844d278b89dc95ae0a9123@sentry-next.wixpress.com, admin@itamerica.com, 79baaa8e09c746d2b7401643b99792e0@sentry.wixpress.com, 18d2f96d279149989b95faf0a4b41882@sentry-next.wixpress.com, 5d1795a2db124a268f1e1bd88f503500@sentry.wixpress.com",,https://www.linkedin.com/company/it-america-inc/,https://www.instagram.com/IT_America_US/,,,
https://ascendantusa.com/?utm_source=localfx&utm_medium=organic&utm_campaign=localfx,"FXAUTOTEST_noreply@webfx.com, joelle+test@webfx.com, Fxautotest_noreply@webfx.com, name@domain.com, fxautotest_noreply@webfx.com",https://www.facebook.com/AscendantNJ/,https://www.linkedin.com/company/ascendant-technologies-inc-,,https://twitter.com/AscendantTech,,
https://www.ittecs.com/,info@ittecs.com,,,,,,
https://powerconsulting.com/managed-it/,,http://www.facebook.com/PCGNYC,"https://www.linkedin.com/company/105436, https://www.linkedin.com/company/power-consulting-group-inc-, https://www.linkedin.com/posts/power-consulting-group-inc-_msp501-activity-7213969792599273472-8uJB/?utm_source=share&utm_medium=member_desktop",,http://twitter.com/#!/pcgnyc,,
https://magnetoitsolutions.com/,"info@magnetoitsolutions.com, yourname@domain.com, sales@magnetoitsolutions.com",https://www.facebook.com/magnetoitsolutions/,https://www.linkedin.com/company/magneto-it-solutions/,,https://twitter.com/magnetoit,,
https://www.angleritech.com/,enquiry@angleritech.com,https://www.facebook.com/anglertech,http://www.linkedin.com/company/angler-techonolgies-p-ltd,,"http://twitter.com/anglertech, https://twitter.com/anglertech",http://www.youtube.com/user/angleritech,
https://princetonits.com/,,https://www.facebook.com/princetonits,https://www.linkedin.com/company/princeton-it-services-inc?,,https://twitter.com/princetonits,,
https://techpulse.com/managed-it-services-new-york/?utm_source=gbp&utm_medium=gbp&utm_campaign=gbp_organic,"support@techpulsellc.com, support@techpulse.com",,https://www.linkedin.com/company/techpulse-consulting-llc.,,,,
https://www.sparxitsolutions.com/,"sumit@sparxit.com, clientsupport@sparxit.com, talent@sparxit.com",https://www.facebook.com/sparxitsolutions,https://www.linkedin.com/company/sparx-it-solutions,https://www.instagram.com/TeamSparxIT/,,https://www.youtube.com/@teamsparxit,
https://ventionteams.com/?utm_source=google&utm_medium=organic&utm_campaign=gbp-ny,"careers@ventionteams.com, hello@ventionteams.com, vendors.partnership@ventionteams.com",,https://www.linkedin.com/company/ventionteams/,https://www.instagram.com/ventionteams/,,https://www.youtube.com/@VentionTeams,
https://www.hyperlinkinfosystem.com/,info@hyperlinkinfosystem.com,https://www.facebook.com/Hyperlink-infosystem-140449209446270/,https://www.linkedin.com/company/hyperlinkinfosystem,https://www.instagram.com/hyperlink_infosystem/,https://twitter.com/hyperlinkinfo,https://www.youtube.com/channel/UC1-3xlMsMK-47ew6WfbLqsQ,
https://anexia.com/,"MSchillapp@anexia.com, info@anexia.com, PKulterer@anexia.com, info@anexia-it.com, ADE-office@anexia.com, sales.info@anexia.com, MHillebrand@anexia.com, AStocker@anexia.com, BKlempin@anexia.com, AFriessnegg@anexia.com, protection@anexia-it.com, office@anexia.com, MVondemhagen@anexia.com, AWindbichler@anexia.com, CPick@anexia.com, MNarrenhofer@anexia.com, data-protection@anexia-it.com",https://www.facebook.com/anexiagmbh,https://at.linkedin.com/company/anexia,https://www.instagram.com/_anexia/,https://twitter.com/_anexia,https://www.youtube.com/user/anexiagmbh,
https://softtechgroup.us/,info@softtechgroup.us,https://www.facebook.com/softtechgroupinc1356,https://www.linkedin.com/company/soft-tech-group-inc/,,https://twitter.com/SoftTechGroupI1,,
https://networkats.com/,"DellGoldPartnerStatusforITsecurityproductsMidlandTX@2x-1.png, 9747ebb05199fdc98a7ae43cdd656342@2x-copy-3-300x157.png, DellGoldPartnerStatusforITsecurityproductsMidlandTX-4@2x.png, Mask-Group-15@2x.jpg, careers@networkats.com, Mask-Group-8@2x.jpg, 9747ebb05199fdc98a7ae43cdd656342@2x-copy-300x157.png, Mask-Group-14@2x.jpg, Mask-Group-7@2x-1.jpg, DellGoldPartnerStatusforITsecurityproductsMidlandTX-3@2x.png, 9747ebb05199fdc98a7ae43cdd656342@2x-300x157.png, DellGoldPartnerStatusforITsecurityproductsMidlandTX-2@2x.png, info@networkats.com, -1@2x.png, Mask-Group-9@2x.jpg, DellGoldPartnerStatusforITsecurityproductsMidlandTX-1@2x.png, Mask-Group-7@2x.jpg, DellGoldPartnerStatusforITsecurityproductsMidlandTX-5@2x.png, DellGoldPartnerStatusforITsecurityproductsMidlandTX@2x.png, Mask-Group-13@2x.jpg, 9747ebb05199fdc98a7ae43cdd656342@2x-copy-2-300x157.png",https://facebook.com/networkATS,https://linkedin.com/company/american-technology-services,,https://twitter.com/networkats,,
https://thinktechit.com/,,https://www.facebook.com/thinktechit,https://www.linkedin.com/company/11865702,,https://twitter.com/thinktechit,,
https://www.usa-corporate.com/,,https://www.facebook.com/usa.corporate.services,http://www.linkedin.com/company/usa-corporate-services-inc.,,https://twitter.com/usacorporate,,
https://www.cuelogic.com/custom-software-development,,,,,,,
https://nycapitaltech.com/,,https://www.facebook.com/NYCapitalTechnologies/,https://www.linkedin.com/company/new-york-capital-technologies-llc/,,,,
https://enigma.com/,,,https://www.linkedin.com/company/enigma-technologies-inc-/,,https://twitter.com/enigma_data,,
https://tristateit.net/,info@tristateit.net,,,,,,
https://innycit.com/,Support@INNYCIT.com,https://www.facebook.com/INNYCIT,,,https://twitter.com/INNYCIT,,
https://www.itsnyc.com/,,https://www.facebook.com/itsnyc,https://www.linkedin.com/company/integrated-technology-systems,,,,
https://www.compuconnect.it/,sales@compuconnect.it,,https://www.linkedin.com/company/compuconnect-inc,,https://twitter.com/CompuConnectNYC,,
https://thinktechit.com/,,https://www.facebook.com/thinktechit,https://www.linkedin.com/company/11865702,,https://twitter.com/thinktechit,,
https://itsyssol.com/,,,,,,,
https://www.agicent.com/,"career@agicent.com, sales@agicent.com, name@example.com",https://www.facebook.com/agicentappcompany,https://in.linkedin.com/company/agicent-technologies,https://www.instagram.com/agicent_technologies/,https://twitter.com/iPhoneDevChamps,,
https://www.inheritx.com/?utm_source=google&utm_medium=organic&utm_campaign=gmb_us,contact@inheritx.com,https://www.facebook.com/inheritxSolutions/,https://www.linkedin.com/company/inheritx-solutions-pvt-ltd/,https://www.instagram.com/inheritxsolutions/,,,
https://www.cardenitservices.com/,"enquiries@carden.it, enquiries@cardenitservices.com, helpdesk@cardenitgroup.com",https://www.facebook.com/cardenitservicesllc,https://www.linkedin.com/company/carden-it-services-llc,https://www.instagram.com/cardenllc/,https://twitter.com/CardenITLLC,,
https://www.unifiedinfotech.net/services/custom-software-development/?utm_source=referral&utm_medium=GMB+USA&utm_id=GMB,office@1.5x.jpg,https://www.facebook.com/unifiedinfotech/,https://www.linkedin.com/company/unifiedinfotech/,https://www.instagram.com/unified.infotech/,,,
https://www.atlantic-it.net/middlesex-county-it-support-amp-it-services/?utm_source=gbp&utm_medium=gbp&utm_campaign=gbp_organic,info@atlantic-it.net,https://www.facebook.com/atlantic.it.net/,https://www.linkedin.com/company/atlantic-it.net/,,https://twitter.com/atlanticit,https://www.youtube.com/channel/UC2tphLD191wWPblgGk2JLaQ,
https://www.itcinfotech.com/us/,contact.us@itcinfotech.com,https://www.facebook.com/itcinfotech/,"https://www.linkedin.com/in/csthomasjoshua/, https://www.linkedin.com/in/manaschakraborty/?originalSubdomain=in, https://www.linkedin.com/in/vishal-kumar-352a0b2/, https://www.linkedin.com/in/poornima-couto/, https://www.linkedin.com/in/anindya-roy-479207/, https://www.linkedin.com/in/sudipsingh/, https://www.linkedin.com/in/sudarshanbyataraya-093a976/?originalSubdomain=in, https://www.linkedin.com/in/malliga-rajkumar-4b42b98/, https://www.linkedin.com/in/dineshbajaj1/, https://www.linkedin.com/in/bappaditya-ray-chaudhuri-3b794ab6/, https://www.linkedin.com/in/kumarsandeep/, https://www.linkedin.com/company/itc-infotech, https://www.linkedin.com/in/valsaraj-poureil/, https://www.linkedin.com/in/sivask1/, https://www.linkedin.com/in/kumarmihir/, https://www.linkedin.com/in/nareshkn, https://www.linkedin.com/in/jaismon-emmanuel-b9a3a76/",https://www.instagram.com/itcinfotech/,https://twitter.com/itcinfotech,"https://www.youtube.com/user/ITCInfotech1, https://www.youtube.com/watch?v=S8VL-xbU5hU",
https://marsitsoftwaresolutions.com/,,,,,,,
https://www.eswcompany.com/,consulting@eswassoc.com,https://www.facebook.com/esoftwareassociates/,https://www.linkedin.com/company/excelhelp.com/,https://www.instagram.com/,https://twitter.com/ESWCOMPANY,https://www.youtube.com/channel/UC51-B7jSF6J5-fE21PL5kRw,
https://www.atlantic-it.net/middlesex-county-it-support-amp-it-services/?utm_source=gbp&utm_medium=gbp&utm_campaign=gbp_organic,info@atlantic-it.net,https://www.facebook.com/atlantic.it.net/,https://www.linkedin.com/company/atlantic-it.net/,,https://twitter.com/atlanticit,https://www.youtube.com/channel/UC2tphLD191wWPblgGk2JLaQ,
https://www.itcinfotech.com/us/,contact.us@itcinfotech.com,https://www.facebook.com/itcinfotech/,"https://www.linkedin.com/in/csthomasjoshua/, https://www.linkedin.com/in/manaschakraborty/?originalSubdomain=in, https://www.linkedin.com/in/vishal-kumar-352a0b2/, https://www.linkedin.com/in/poornima-couto/, https://www.linkedin.com/in/anindya-roy-479207/, https://www.linkedin.com/in/sudipsingh/, https://www.linkedin.com/in/sudarshanbyataraya-093a976/?originalSubdomain=in, https://www.linkedin.com/in/malliga-rajkumar-4b42b98/, https://www.linkedin.com/in/dineshbajaj1/, https://www.linkedin.com/in/bappaditya-ray-chaudhuri-3b794ab6/, https://www.linkedin.com/in/kumarsandeep/, https://www.linkedin.com/company/itc-infotech, https://www.linkedin.com/in/valsaraj-poureil/, https://www.linkedin.com/in/sivask1/, https://www.linkedin.com/in/kumarmihir/, https://www.linkedin.com/in/nareshkn, https://www.linkedin.com/in/jaismon-emmanuel-b9a3a76/",https://www.instagram.com/itcinfotech/,https://twitter.com/itcinfotech,"https://www.youtube.com/user/ITCInfotech1, https://www.youtube.com/watch?v=S8VL-xbU5hU",
https://www.computerbilities.com/it-consulting-new-york-city/,sales@computerbilities.com,https://www.facebook.com/computerbilities/,https://www.linkedin.com/company/computerbilities-inc-/about/,https://www.instagram.com/computerbilities/,,https://www.youtube.com/@Computerbilities,
https://hitechamericas.com/,hello@hitechamericas.com,,,,,,
https://www.emcitsolutions.com/,"info@emcitsolutions.com, 605a7baede844d278b89dc95ae0a9123@sentry-next.wixpress.com, 18d2f96d279149989b95faf0a4b41882@sentry-next.wixpress.com, 8eb368c655b84e029ed79ad7a5c1718e@sentry.wixpress.com, 5d1795a2db124a268f1e1bd88f503500@sentry.wixpress.com",https://www.facebook.com/emcitsolutionsLLC,https://www.linkedin.com/company/emcitsolutions,https://www.instagram.com/emcitsolutions/,,,
https://marsitsoftwaresolutions.com/,,,,,,,
https://www.etech7.com/managed-it-services-queens,info@etech7.com,https://www.facebook.com/etech7/,https://www.linkedin.com/company/etech-7,https://www.instagram.com/etech_7/?hl=en,https://twitter.com/etech7,,
https://trangotech.com/mobile/app-development-new-york-city/?utm_source=GMB&utm_medium=GMB+NYC&utm_campaign=GMB+NYC,abc@example.com,https://www.facebook.com/trangotech,https://www.linkedin.com/company/trangotech/,https://www.instagram.com/trango_tech/,https://twitter.com/TrangoTech,,
https://asahitechnologies.com/,consult@asahitechnologies.com,https://www.facebook.com/Asahi.Technologies,https://www.linkedin.com/company/asahi-technologies,,https://twitter.com/asahi_tech,,
https://www.entiretytechnologies.com/,"info@entiretytec.com, info@entiretytechnologies.com",https://www.facebook.com/entiretytec,https://www.linkedin.com/company/entiretytec/,https://www.instagram.com/entiretytec/,,https://www.youtube.com/@EntiretyTechnologies,
https://abasas.tech/,"info@abasas.tech, youremail@website.com",,,,,,
https://www.stratifyit.tech/,meetus@stratifyit.tech,https://www.facebook.com/StratifyIT,https://www.linkedin.com/company/stratify-it,https://www.instagram.com/stratifyit,https://mobile.twitter.com/StratifyITtech,,
https://www.iteamservices.com/,"box-11@2-300x246.jpg, iteam@iteamservices.com, box-9@2-907x907.jpg, box-9@2-150x123.jpg, logo-iteam-technologies@2.png, box-9@2.jpg, box-11@2-150x123.jpg, box-9@2-1024x841.jpg, box-11@2-1024x841.jpg, box-9@2-300x246.jpg, box-11@2.jpg",,,,,,
https://www.imensosoftware.com/,info@imensosoftware.com,https://www.facebook.com/imensosoftware,https://in.linkedin.com/company/imenso-software,https://www.instagram.com/imensosoftware,https://twitter.com/imensosoftware,,
https://www.itrsgroup.com/,apply@itrsgroup.com,,,,,,
https://www.stackitsupport.com/,"info@emcitsolutions.com, 605a7baede844d278b89dc95ae0a9123@sentry-next.wixpress.com, Support@stackitsupport.com, 18d2f96d279149989b95faf0a4b41882@sentry-next.wixpress.com, 8eb368c655b84e029ed79ad7a5c1718e@sentry.wixpress.com, upport@stackitsupport.com, support@stackitsupport.com, 5d1795a2db124a268f1e1bd88f503500@sentry.wixpress.com",https://www.facebook.com/emcitsolutionsLLC,https://www.linkedin.com/company/emcitsolutions,https://www.instagram.com/emcitsolutions/,,,
https://www.ingitpro.com/,info@ingitpro.com,https://www.facebook.com/ingitpro,,https://www.instagram.com/ingitpro/,https://twitter.com/ingitpro,,
https://www.imensosoftware.com/,info@imensosoftware.com,https://www.facebook.com/imensosoftware,https://in.linkedin.com/company/imenso-software,https://www.instagram.com/imensosoftware,https://twitter.com/imensosoftware,,
https://www.boylesoftware.com/,"bizdev@boylesoftware.com, info@boylesoftware.com, careers@boylesoftware.com",https://www.facebook.com/BoyleSoftware,https://www.linkedin.com/company/boylesoftware/,,,,
https://www.stackitsupport.com/,"info@emcitsolutions.com, 605a7baede844d278b89dc95ae0a9123@sentry-next.wixpress.com, Support@stackitsupport.com, 18d2f96d279149989b95faf0a4b41882@sentry-next.wixpress.com, 8eb368c655b84e029ed79ad7a5c1718e@sentry.wixpress.com, upport@stackitsupport.com, support@stackitsupport.com, 5d1795a2db124a268f1e1bd88f503500@sentry.wixpress.com",https://www.facebook.com/emcitsolutionsLLC,https://www.linkedin.com/company/emcitsolutions,https://www.instagram.com/emcitsolutions/,,,
https://www.technbrains.com/locations/mobile-app-development-company-new-york-city?utm_source=gmb&utm_medium=organic&utm_campaign=gmb-nyc&utm_id=gmb-nyc,"Contact@technbrains.com, contact@technbrains.com",,,,,,
https://www.ingitpro.com/,info@ingitpro.com,https://www.facebook.com/ingitpro,,https://www.instagram.com/ingitpro/,https://twitter.com/ingitpro,,
https://www.ittechnical.us/,"service@ittechnical.us, info@ittechnical.us",https://www.facebook.com/It-Technical-Solutions-100450522601889,https://www.linkedin.com/in/it-technical-solutions-1857ba232,https://www.instagram.com/accounts/login/?next=/ittechnicalnynj/,https://twitter.com/ITTechnicalnyc,https://www.youtube.com/channel/UC52lldeudSg6RcfTSCskbvQ,
https://www.milesit.com/?utm_source=gmb&utm_medium=organic&utm_campaign=new%20york,sales@milesit.com,https://www.facebook.com/MilesITCompany/,https://www.linkedin.com/company/milesitcompany/,https://www.instagram.com/milesitcompany/,,https://www.youtube.com/channel/UCnaCrcKd_ewigK4y3teXQ9g,
https://www.emazzanti.net/,"Billing@emazzanti.net, Sales@emazzanti.net, Help@emazzanti.net",,,,,,
https://www.absoluting.com/,"rs@absoluting.com, info@absoluting.com",https://www.facebook.com/AbsoluteInformationTechnologies,"https://www.linkedin.com/company/absoluteit/, https://www.linkedin.com/oauth/v2/authorization?client_id=86sxko313rgt64&redirect_uri=https%3A%2F%2Fabsoluting.com%2F%3Fiwj_social_login%3Dlinkedin&response_type=code&scope=r_liteprofile+r_emailaddress&state=HaKpNEoUmJql, https://www.linkedin.com/oauth/v2/authorization?client_id=86sxko313rgt64&redirect_uri=https%3A%2F%2Fabsoluting.com%2F%3Fiwj_social_login%3Dlinkedin&response_type=code&scope=r_liteprofile+r_emailaddress&state=WD2C8oKNxysr",,https://twitter.com/AbsoluteInform1,,
https://intacs.com/,info@intacs.com,https://www.facebook.com/IntacsIT/,https://www.linkedin.com/company/intacs-corporation,https://www.instagram.com/IntacsIT/?hl=en,https://twitter.com/IntacsIT/,https://www.youtube.com/@IntacsIT,
https://www.iteliteinc.com/,sales@iteliteinc.com,,,,,,
https://youritremote.com/,"impallari@gmail.com, hello@rfuenzalida.com",,,,,,
https://needtechinc.com/,,https://www.facebook.com/needtechinc,https://www.linkedin.com/company/need-tech-inc-,https://www.instagram.com/needtechinc/,,https://www.youtube.com/channel/UClwhPjgP1Bf0o4lFlzlqX8w,
https://www.cornerstone.it/,"Adriana.Vitale@Cornerstone.IT, Jim.Moreo@Cornerstone.IT, adriana.vitale@cornerstone.it, teena.katz@cornerstone.it, human.resources@cornerstone.it, Vidit.Desai@Cornerstone.IT, Patrick.Boyd@cornerstone.it, Info@Cornerstone.IT, email@yourcompany.com, HR@Cornerstone.IT, Amy.Russo@Cornerstone.IT",,https://www.linkedin.com/company/cornerstone-information-technologies-llc,,,,
https://www.xperteks.com/,,https://www.facebook.com/xperteksconsultancy/,https://www.linkedin.com/company/xperteks-computer-consultancy-inc./,,https://twitter.com/Xperteks,,
https://www.elitesystemsamerica.com/,"Info@EliteSystemsAmerica.com, 2062d0a4929b45348643784b5cb39c36@sentry.wixpress.com, 605a7baede844d278b89dc95ae0a9123@sentry-next.wixpress.com, 8eb368c655b84e029ed79ad7a5c1718e@sentry.wixpress.com",http://www.facebook.com/elitesystemsamerica,,,,,
https://www.ictechnyc.com/,,https://www.facebook.com/ictechnyc,https://www.linkedin.com/company/ictechnyc,,,,
https://acrisurecyber.com/,,,,,,,
https://itcraftapps.com/?utm_source=google&utm_medium=organic&utm_campaign=gmb_NY,hello@itcraftapps.com,https://www.facebook.com/itCraftpl/,https://www.linkedin.com/company/itcraft-s-c-/,https://www.instagram.com/itcraftappscom/,,,
https://www.intellectsoft.net/,"careers@intellectsoft.net, info@intellectsoft.net",https://www.facebook.com/Intellectsoft/,https://www.linkedin.com/company/intellectsoft,,https://twitter.com/Intellectsoft,https://www.youtube.com/channel/UCAXWcrzB27wtArbUJGfy8oA/featured,
https://www.csai.canon.com/,,,https://www.linkedin.com/company/canonusa/,,,,
https://a1techusa.com/,info@a1techusa.com,https://web.facebook.com/A1TechUSA,https://www.linkedin.com/company/a1-tech-usa,,,,
https://www.isstek.com/,info@isstek.com,,,,,,
https://softices.com/,,https://www.facebook.com/softices,https://www.linkedin.com/company/softices,https://www.instagram.com/softices_consultancy,https://twitter.com/Softices,https://www.youtube.com/@softices,
https://www.convergesolution.com/,info@convergesolution.com,https://www.facebook.com/ConvergeSolInc,https://www.linkedin.com/company/convergesol/,https://www.instagram.com/convergesol_inc/,https://twitter.com/ConvergeSol,https://www.youtube.com/channel/UCXsMU0rX-AUn3OrJG1tC8Ww,
https://www.wesolvedit.io/,"info@wesolvedit.io, sales@wesolvedit.io",https://www.facebook.com/solveditinc,https://www.linkedin.com/company/solvedit-inc/,https://www.instagram.com/we_solvedit/,https://twitter.com/we_solvedit,https://www.youtube.com/channel/UC4lLlEHC_8Ud0RI3WxtXT-Q,
https://www.uniteus.com/,,https://www.facebook.com/UniteUsHQ/,https://www.linkedin.com/company/uniteus/,https://www.instagram.com/uniteushq/,https://twitter.com/uniteushq,https://www.youtube.com/@Uniteus,
https://www.ibm.com/,xxx@ccc.com,,,,,,
https://www.digiprima.com/contact,info@digiprima.com,"https://facebook.com/, https://www.facebook.com/DigiprimaTech",https://www.linkedin.com/company/digiprima-technologies/posts/?feedView=all,"https://www.instagram.com/digiprima/, https://instagram.com/",https://twitter.com/,"https://www.youtube.com/watch?v=PSm52qAXMRU, https://www.youtube.com/channel/UCyK3Cqt8uTDs3DEzN-h-ueA",
https://techvera.com/,info@techvera.com,,"https://linkedin.com/company/techvera, https://www.linkedin.com/company/techvera/",,,,
https://www.absoluting.com/,"rs@absoluting.com, info@absoluting.com",https://www.facebook.com/AbsoluteInformationTechnologies,"https://www.linkedin.com/company/absoluteit/, https://www.linkedin.com/oauth/v2/authorization?client_id=86sxko313rgt64&redirect_uri=https%3A%2F%2Fabsoluting.com%2F%3Fiwj_social_login%3Dlinkedin&response_type=code&scope=r_liteprofile+r_emailaddress&state=HaKpNEoUmJql, https://www.linkedin.com/oauth/v2/authorization?client_id=86sxko313rgt64&redirect_uri=https%3A%2F%2Fabsoluting.com%2F%3Fiwj_social_login%3Dlinkedin&response_type=code&scope=r_liteprofile+r_emailaddress&state=WD2C8oKNxysr",,https://twitter.com/AbsoluteInform1,,
https://www.elitesystemsamerica.com/,"Info@EliteSystemsAmerica.com, 2062d0a4929b45348643784b5cb39c36@sentry.wixpress.com, 605a7baede844d278b89dc95ae0a9123@sentry-next.wixpress.com, 8eb368c655b84e029ed79ad7a5c1718e@sentry.wixpress.com",http://www.facebook.com/elitesystemsamerica,,,,,
https://www.networkhandlers.com/,"ria@networkhandlers.com, info@networkhanlers.com, 1744215978.nh-logo@2x.webp",https://www.facebook.com/NetworkHandlers,https://www.linkedin.com/company/network-handlers,https://www.instagram.com/network.handlers/,https://www.twitter.com/nhandlers,,
https://app-development-usa.ueniweb.com/?utm_campaign=gmb,juliajohnson986@gmail.com,https://www.facebook.com/share.php?u=https%3A//app-development-usa.ueniweb.com&title=App%20Development%20USA,,,https://twitter.com/intent/tweet?text=App%20Development%20USA&url=https%3A//app-development-usa.ueniweb.com,,
https://www.datadoghq.com/,"info@datadoghq.com, press@datadoghq.com, analystrelations@datadoghq.com",,https://www.linkedin.com/company/datadog,https://www.instagram.com/datadoghq/,https://twitter.com/datadoghq,https://www.youtube.com/user/DatadogHQ,
https://acrisurecyber.com/,,,,,,,
https://a1techusa.com/,info@a1techusa.com,https://web.facebook.com/A1TechUSA,https://www.linkedin.com/company/a1-tech-usa,,,,
https://www.anadata.com/,AnaDataConsultingInc@ana-data.com,"https://www.facebook.com/AnaDataConsultingInc/, https://www.facebook.com/AnaDataConsulting/","https://www.linkedin.com/company/ana-data, https://in.linkedin.com/company/ana-data",https://www.instagram.com/anadataconsulting_inc/,"https://twitter.com/AnaData?ref_src=twsrc%5Egoogle%7Ctwcamp%5Eserp%7Ctwgr%5Eauthor, https://twitter.com/anadata",,
https://www.ace-it-solutions.com/,business@ace-it-solutions.com,https://www.facebook.com/profile.php?id=61562268400013,"https://www.linkedin.com/company/aceitsol, https://www.linkedin.com/groups/13066106/",https://www.instagram.com/ace_it_solutions_global/,,,
https://www.indglobaldigital.com/?utm_source=Google&utm_medium=Organic&utm_campaign=GMB,"info@indglobal.in, careers@indglobal-consulting.com, flags@2x.png, info@indglobaldigital.com",https://www.facebook.com/indglobaldigital/,https://www.linkedin.com/company/indglobal-digital-pvt-ltd,https://www.instagram.com/indglobal.in/,https://twitter.com/Indglobal,https://www.youtube.com/channel/UCix1PZeqDIqyVTsoWULujGg ,
https://itcraftapps.com/?utm_source=google&utm_medium=organic&utm_campaign=gmb_NY,hello@itcraftapps.com,https://www.facebook.com/itCraftpl/,https://www.linkedin.com/company/itcraft-s-c-/,https://www.instagram.com/itcraftappscom/,,,
https://www.nexustek.com/,info@nexustek.com,https://www.facebook.com/NexusTek,https://www.linkedin.com/company/nexustek,,,https://www.youtube.com/channel/UCL_lsogJsyhmVqWziVSWkQA/videos,
https://uandaitconsultingcorp.com/,info@uandaitconsultingcorp.com,,,,,,
https://www.usdsoftware.com/,info@usdsoftware.com,https://www.facebook.com/unitedsoftwaredevelopers/,https://www.linkedin.com/in/jody-windland-882a2b27,,https://twitter.com/USD_Software,https://www.youtube.com/channel/UCrbgO7qQ9YKWWVVDJFq73Jg,
https://www.rksoftwareinc.com/,"career@rksoftwareinc.com, info@rksoftwareinc.com",,,,,,
https://www.nexustek.com/,info@nexustek.com,https://www.facebook.com/NexusTek,https://www.linkedin.com/company/nexustek,,,https://www.youtube.com/channel/UCL_lsogJsyhmVqWziVSWkQA/videos,
https://www.anadata.com/,AnaDataConsultingInc@ana-data.com,"https://www.facebook.com/AnaDataConsultingInc/, https://www.facebook.com/AnaDataConsulting/","https://www.linkedin.com/company/ana-data, https://in.linkedin.com/company/ana-data",https://www.instagram.com/anadataconsulting_inc/,"https://twitter.com/AnaData?ref_src=twsrc%5Egoogle%7Ctwcamp%5Eserp%7Ctwgr%5Eauthor, https://twitter.com/anadata",,
